Timestamp,User Count,Type,Name,Requests/s,Failures/s,50%,66%,75%,80%,90%,95%,98%,99%,99.9%,99.99%,100%,Total Request Count,Total Failure Count,Total Median Response Time,Total Average Response Time,Total Min Response Time,Total Max Response Time,Total Average Content Size
1789664213,0,,Aggregated,0.000000,0.000000,N/A,N/A,N/A,N/A,N/A,N/A,N/A,N/A,N/A,N/A,N/A,0,0,0,0.0,0,0,0
1789664214,0,,Aggregated,0.000000,0.000000,N/A,N/A,N/A,N/A,N/A,N/A,N/A,N/A,N/A,N/A,N/A,0,0,0,0.0,0,0,0
1789664215,500,,Aggregated,0.000000,0.000000,N/A,N/A,N/A,N/A,N/A,N/A,N/A,N/A,N/A,N/A,N/A,0,0,0,0.0,0,0,0
1789664216,1000,,Aggregated,0.000000,0.000000,410,480,530,560,630,660,690,700,720,720,720,556,0,410,410.5465810431673,54.28436099998635,717.745634000039,47.0
1789664217,1500,,Aggregated,0.000000,0.000000,400,490,550,580,650,690,700,710,720,730,730,1137,0,400,397.0715405963056,54.28436099998635,727.2633500000438,47.0
1789664218,2000,,Aggregated,0.000000,0.000000,400,490,550,580,650,690,700,710,720,730,730,1137,0,400,397.0715405963056,54.28436099998635,727.2633500000438,47.0
1789664219,2500,,Aggregated,381.333333,0.000000,540,620,660,680,750,830,1000,1200,1500,1700,1700,2143,0,540,517.2093826350924,54.28436099998635,1698.7352889999556,47.0
1789664220,3000,,Aggregated,391.333333,0.000000,570,650,700,730,870,1200,1500,1500,2000,2000,2000,3250,0,570,584.112861750155,54.28436099998635,2038.7422449999804,47.0
1789664221,3500,,Aggregated,391.333333,0.000000,570,650,700,730,870,1200,1500,1500,2000,2000,2000,3250,0,570,584.112861750155,54.28436099998635,2038.7422449999804,47.0
1789664222,4000,,Aggregated,554.833333,0.000000,660,830,1100,1300,1800,2000,2500,2700,2900,3000,3000,4444,0,660,843.7555794230432,54.28436099998635,2999.63522500002,47.0
1789664223,4500,,Aggregated,558.000000,0.000000,760,1200,1400,1700,2000,2400,2700,2800,3000,3000,3000,5550,0,760,1013.9268414158562,54.28436099998635,3017.7006470000833,47.0
1789664224,5000,,Aggregated,558.000000,0.000000,760,1200,1400,1700,2000,2400,2700,2800,3000,3000,3000,5550,0,760,1013.9268414158562,54.28436099998635,3017.7006470000833,47.0
1789664225,5500,,Aggregated,626.111111,0.000000,1000,1600,1900,2100,2700,3100,3300,3500,3800,3900,3900,6736,0,1000,1289.8617403981598,54.28436099998635,3864.135886999975,47.0
1789664226,6000,,Aggregated,628.888889,0.000000,1300,1900,2300,2500,3000,3300,3500,3600,3800,4100,4100,7882,0,1300,1495.5219715203002,54.28436099998635,4064.7531880000543,47.0
1789664227,6500,,Aggregated,628.888889,0.000000,1300,1900,2300,2500,3000,3300,3500,3600,3800,4100,4100,7882,0,1300,1495.5219715203002,54.28436099998635,4064.7531880000543,47.0
1789664228,7000,,Aggregated,740.900000,0.000000,1600,2300,2700,2900,3400,4000,4600,5000,5400,5700,5700,9037,0,1600,1770.4897644499285,54.28436099998635,5677.799790999984,47.0
1789664229,7500,,Aggregated,743.200000,0.000000,1800,2600,3000,3200,4000,4500,5000,5100,5800,6000,6000,10172,0,1800,2001.0255823339564,54.28436099998635,6004.446907999977,47.0
1789664230,8000,,Aggregated,743.200000,0.000000,1800,2600,3000,3200,4000,4500,5000,5100,5800,6000,6000,10172,0,1800,2001.0255823339564,54.28436099998635,6004.446907999977,47.0
1789664231,8500,,Aggregated,765.200000,0.000000,2100,3000,3400,3600,4600,5200,6000,6300,7300,7400,7400,11304,0,2100,2292.2130961551666,54.28436099998635,7379.829550999943,47.0
1789664232,9000,,Aggregated,767.900000,0.000000,2400,3200,3700,4100,5100,5800,6300,7000,7400,7400,7400,12514,0,2400,2548.5715058608757,54.28436099998635,7442.751508000015,47.0
1789664233,9500,,Aggregated,767.900000,0.000000,2400,3200,3700,4100,5100,5800,6300,7000,7400,7400,7400,12514,0,2400,2548.5715058608757,54.28436099998635,7442.751508000015,47.0
1789664234,10000,,Aggregated,772.500000,0.000000,2700,3500,4200,4700,5700,6500,7500,7800,8400,8500,8500,13689,0,2700,2868.3980704098913,54.28436099998635,8504.61248800002,47.0
1789664235,10000,,Aggregated,774.700000,0.000000,2900,4000,4700,5200,6200,7300,7800,8000,8500,8500,8500,14799,0,2900,3133.877802726603,54.28436099998635,8520.19033900001,47.0
1789664236,10000,,Aggregated,774.700000,0.000000,2900,4000,4700,5200,6200,7300,7800,8000,8500,8500,8500,14799,0,2900,3133.877802726603,54.28436099998635,8520.19033900001,47.0
1789664237,10000,,Aggregated,768.300000,0.000000,3100,4500,5300,5800,7300,7900,8300,8400,8500,8500,8500,16017,0,3100,3472.5446263682957,54.28436099998635,8520.19033900001,47.0
1789664238,10000,,Aggregated,770.100000,0.000000,3400,5000,5800,6300,7700,8300,8400,8400,8500,8500,8500,17155,0,3400,3755.4904515583794,54.28436099998635,8522.829118999995,47.0
1789664239,10000,,Aggregated,770.100000,0.000000,3400,5000,5800,6300,7700,8300,8400,8400,8500,8500,8500,17155,0,3400,3755.4904515583794,54.28436099998635,8522.829118999995,47.0
1789664240,10000,,Aggregated,774.100000,0.000000,3500,5400,6300,7200,8200,8300,8400,8400,8500,8500,8500,18283,0,3500,4035.587888445003,54.28436099998635,8522.829118999995,47.0
1789664241,10000,,Aggregated,776.100000,0.000000,3900,5800,7200,7800,8300,8400,8400,8400,8500,8500,8500,19512,0,3900,4304.377375542744,54.28436099998635,8522.829118999995,47.0
1789664242,10000,,Aggregated,776.100000,0.000000,3900,5800,7200,7800,8300,8400,8400,8400,8500,8500,8500,19512,0,3900,4304.377375542744,54.28436099998635,8522.829118999995,47.0
1789664243,10000,,Aggregated,774.400000,0.000000,4200,6300,7700,8200,8300,8400,8400,8500,8600,8600,8700,20576,0,4200,4514.536298894538,54.28436099998635,8652.074094999989,47.0
1789664244,10000,,Aggregated,776.900000,0.000000,4600,6900,8200,8300,8400,8400,8500,8500,8600,8600,8700,21666,0,4600,4708.499646722238,54.28436099998635,8652.074094999989,47.0
1789664245,10000,,Aggregated,776.900000,0.000000,4600,6900,8200,8300,8400,8400,8500,8500,8600,8600,8700,21666,0,4600,4708.499646722238,54.28436099998635,8652.074094999989,47.0
1789664246,10000,,Aggregated,761.500000,0.000000,5000,7500,8200,8300,8400,8500,8500,8600,8600,8600,8700,22884,0,5000,4908.470338204641,54.28436099998635,8652.074094999989,47.0
1789664247,10000,,Aggregated,764.000000,0.000000,5300,8000,8300,8300,8400,8500,8500,8600,8600,8600,8700,23995,0,5300,5072.982987569118,54.28436099998635,8652.074094999989,47.0
1789664248,10000,,Aggregated,764.000000,0.000000,5300,8000,8300,8300,8400,8500,8500,8600,8600,8600,8700,23995,0,5300,5072.982987569118,54.28436099998635,8652.074094999989,47.0
1789664249,10000,,Aggregated,761.500000,0.000000,5700,8200,8300,8400,8500,8500,8600,8600,8600,8700,8700,25164,0,5700,5231.814392549078,54.28436099998635,8664.152077000039,47.0
1789664250,10000,,Aggregated,762.900000,0.000000,6000,8300,8400,8400,8500,8500,8600,8600,8600,8700,8700,26362,0,6000,5380.333919892838,54.28436099998635,8673.955115000012,47.0
1789664251,10000,,Aggregated,762.900000,0.000000,6000,8300,8400,8400,8500,8500,8600,8600,8600,8700,8700,26362,0,6000,5380.333919892838,54.28436099998635,8673.955115000012,47.0
1789664252,10000,,Aggregated,761.400000,0.000000,6300,8300,8400,8400,8500,8500,8600,8600,8600,8700,8700,27477,0,6300,5504.90070236292,54.28436099998635,8673.955115000012,47.0
1789664253,10000,,Aggregated,763.300000,0.000000,7000,8300,8400,8400,8500,8500,8600,8600,8700,8700,8700,28709,0,7000,5631.060192213312,54.28436099998635,8677.481216999922,47.0
1789664254,10000,,Aggregated,763.300000,0.000000,7000,8300,8400,8400,8500,8500,8600,8600,8700,8700,8700,28709,0,7000,5631.060192213312,54.28436099998635,8677.481216999922,47.0
1789664255,10000,,Aggregated,780.300000,0.000000,7500,8300,8400,8400,8500,8500,8600,8600,8700,8700,8700,29940,0,7500,5738.802676374414,54.28436099998635,8677.481216999922,47.0
1789664256,10000,,Aggregated,782.200000,0.000000,7800,8300,8400,8400,8500,8500,8600,8600,8600,8700,8700,31055,0,7800,5828.770486722136,54.28436099998635,8677.481216999922,47.0
1789664257,10000,,Aggregated,782.200000,0.000000,7800,8300,8400,8400,8500,8500,8600,8600,8600,8700,8700,31055,0,7800,5828.770486722136,54.28436099998635,8677.481216999922,47.0
1789664258,10000,,Aggregated,779.600000,0.000000,8100,8300,8400,8400,8500,8500,8600,8600,8600,8700,8700,32207,0,8100,5916.969845395876,54.28436099998635,8677.481216999922,47.0
1789664259,10000,,Aggregated,781.800000,0.000000,8200,8300,8400,8400,8500,8500,8600,8600,8600,8700,8700,33347,0,8200,5998.436507787597,54.28436099998635,8677.481216999922,47.0
1789664260,10000,,Aggregated,781.800000,0.000000,8200,8300,8400,8400,8500,8500,8600,8600,8600,8700,8700,33347,0,8200,5998.436507787597,54.28436099998635,8677.481216999922,47.0
1789664261,10000,,Aggregated,775.000000,0.000000,8200,8300,8400,8400,8500,8500,8600,8600,8600,8700,8700,34485,0,8200,6074.538001876846,54.28436099998635,8677.481216999922,47.0
1789664262,10000,,Aggregated,776.500000,0.000000,8200,8300,8400,8400,8500,8500,8600,8600,8600,8700,8700,35685,0,8200,6149.671358997535,54.28436099998635,8677.481216999922,47.0
1789664263,10000,,Aggregated,776.500000,0.000000,8200,8300,8400,8400,8500,8500,8600,8600,8600,8700,8700,35685,0,8200,6149.671358997535,54.28436099998635,8677.481216999922,47.0
1789664264,10000,,Aggregated,774.000000,0.000000,8200,8300,8400,8400,8500,8500,8600,8600,8600,8700,8700,36866,0,8200,6218.848076300196,54.28436099998635,8677.481216999922,47.0
1789664265,10000,,Aggregated,776.200000,0.000000,8200,8300,8400,8400,8500,8500,8600,8600,8600,8700,8700,38039,0,8200,6283.341387685087,54.28436099998635,8677.481216999922,47.0
1789664266,10000,,Aggregated,776.200000,0.000000,8200,8300,8400,8400,8500,8500,8600,8600,8600,8700,8700,38039,0,8200,6283.341387685087,54.28436099998635,8677.481216999922,47.0
1789664267,10000,,Aggregated,774.100000,0.000000,8200,8300,8400,8400,8500,8500,8600,8600,8600,8700,8700,39245,0,8200,6343.307072918513,54.28436099998635,8677.481216999922,47.0
1789664268,10000,,Aggregated,776.200000,0.000000,8200,8300,8400,8400,8500,8500,8600,8600,8600,8700,8700,40397,0,8200,6397.238925354582,54.28436099998635,8677.481216999922,47.0
1789664269,10000,,Aggregated,776.200000,0.000000,8200,8300,8400,8400,8500,8500,8600,8600,8600,8700,8700,40397,0,8200,6397.238925354582,54.28436099998635,8677.481216999922,47.0
1789664270,10000,,Aggregated,781.400000,0.000000,8200,8300,8400,8400,8500,8500,8600,8600,8600,8700,8700,41543,0,8200,6447.782353021087,54.28436099998635,8677.481216999922,47.0
1789664271,10000,,Aggregated,783.300000,0.000000,8200,8300,8400,8400,8500,8500,8600,8600,8600,8700,8700,42746,0,8200,6498.073593638821,54.28436099998635,8677.481216999922,47.0
1789664272,10000,,Aggregated,783.300000,0.000000,8200,8300,8400,8400,8500,8500,8600,8600,8600,8700,8700,42746,0,8200,6498.073593638821,54.28436099998635,8677.481216999922,47.0
1789664273,10000,,Aggregated,781.100000,0.000000,8200,8300,8400,8400,8500,8500,8600,8600,8600,8700,8700,43907,0,8200,6544.006631403261,54.28436099998635,8677.481216999922,47.0
1789664274,10000,,Aggregated,783.000000,0.000000,8200,8300,8300,8400,8500,8500,8600,8600,8600,8700,8700,45095,0,8200,6588.55328186535,54.28436099998635,8677.481216999922,47.0
1789664275,10000,,Aggregated,783.000000,0.000000,8200,8300,8300,8400,8500,8500,8600,8600,8600,8700,8700,45095,0,8200,6588.55328186535,54.28436099998635,8677.481216999922,47.0
1789664276,10000,,Aggregated,781.700000,0.000000,8200,8300,8300,8400,8500,8500,8600,8600,8600,8700,8700,46304,0,8200,6631.342667986997,54.28436099998635,8677.481216999922,47.0
1789664277,10000,,Aggregated,783.200000,0.000000,8200,8300,8300,8400,8500,8500,8600,8600,8600,8700,8700,47452,0,8200,6670.138508469485,54.28436099998635,8677.481216999922,47.0
1789664278,10000,,Aggregated,783.200000,0.000000,8200,8300,8300,8400,8500,8500,8600,8600,8600,8700,8700,47452,0,8200,6670.138508469485,54.28436099998635,8677.481216999922,47.0
1789664279,10000,,Aggregated,781.200000,0.000000,8200,8300,8300,8400,8500,8500,8600,8600,8600,8700,8700,48632,0,8200,6707.5682879902315,54.28436099998635,8677.481216999922,47.0
1789664280,10000,,Aggregated,782.900000,0.000000,8200,8300,8300,8400,8500,8500,8600,8600,8600,8700,8700,49802,0,8200,6742.877899763843,54.28436099998635,8677.481216999922,47.0
1789664281,10000,,Aggregated,782.900000,0.000000,8200,8300,8300,8400,8500,8500,8600,8600,8600,8700,8700,49802,0,8200,6742.877899763843,54.28436099998635,8677.481216999922,47.0
1789664282,10000,,Aggregated,781.900000,0.000000,8200,8300,8300,8400,8500,8500,8600,8600,8600,8700,8700,50929,0,8200,6775.494871464547,54.28436099998635,8677.481216999922,47.0
1789664283,10000,,Aggregated,783.600000,0.000000,8200,8300,8300,8400,8400,8500,8600,8600,8600,8700,8700,52140,0,8200,6808.918780747256,54.28436099998635,8677.481216999922,47.0
1789664284,10000,,Aggregated,783.600000,0.000000,8200,8300,8300,8400,8400,8500,8600,8600,8600,8700,8700,52140,0,8200,6808.918780747256,54.28436099998635,8677.481216999922,47.0
1789664285,10000,,Aggregated,780.700000,0.000000,8200,8300,8300,8400,8400,8500,8600,8600,8600,8700,8700,53329,0,8200,6840.740592677696,54.28436099998635,8677.481216999922,47.0
1789664286,10000,,Aggregated,782.300000,0.000000,8200,8300,8300,8400,8400,8500,8600,8600,8600,8700,8700,54485,0,8200,6870.2692683085415,54.28436099998635,8677.481216999922,47.0
1789664287,10000,,Aggregated,782.300000,0.000000,8200,8300,8300,8400,8400,8500,8600,8600,8600,8700,8700,54485,0,8200,6870.2692683085415,54.28436099998635,8677.481216999922,47.0
1789664288,10000,,Aggregated,781.400000,0.000000,8200,8300,8300,8400,8400,8500,8600,8600,8600,8700,8700,55678,0,8200,6899.104427094021,54.28436099998635,8677.481216999922,47.0
1789664289,10000,,Aggregated,782.200000,0.000000,8200,8300,8300,8400,8400,8500,8600,8600,8600,8700,8700,56830,0,8200,6925.914296306965,54.28436099998635,8677.481216999922,47.0
1789664290,10000,,Aggregated,782.200000,0.000000,8200,8300,8300,8400,8400,8500,8600,8600,8600,8700,8700,56830,0,8200,6925.914296306965,54.28436099998635,8677.481216999922,47.0
1789664291,10000,,Aggregated,780.500000,0.000000,8200,8300,8300,8300,8400,8500,8600,8600,8600,8700,8700,57975,0,8200,6951.886068990648,54.28436099998635,8677.481216999922,47.0
1789664292,10000,,Aggregated,781.500000,0.000000,8200,8300,8300,8300,8400,8500,8600,8600,8600,8700,8700,59190,0,8200,6978.3542521619665,54.28436099998635,8677.481216999922,47.0
1789664293,10000,,Aggregated,781.500000,0.000000,8200,8300,8300,8300,8400,8500,8600,8600,8600,8700,8700,59190,0,8200,6978.3542521619665,54.28436099998635,8677.481216999922,47.0
1789664294,10000,,Aggregated,780.800000,0.000000,8200,8300,8300,8300,8400,8500,8500,8600,8600,8700,8700,60377,0,8200,7002.534245118866,54.28436099998635,8677.481216999922,47.0
1789664295,10000,,Aggregated,782.200000,0.000000,8200,8300,8300,8300,8400,8500,8500,8600,8600,8700,8700,61534,0,8200,7025.218880500923,54.28436099998635,8677.481216999922,47.0
1789664296,10000,,Aggregated,782.200000,0.000000,8200,8300,8300,8300,8400,8500,8500,8600,8600,8700,8700,61534,0,8200,7025.218880500923,54.28436099998635,8677.481216999922,47.0
1789664297,10000,,Aggregated,781.900000,0.000000,8200,8300,8300,8300,8400,8500,8500,8600,8600,8700,8700,62688,0,8200,7047.629684115249,54.28436099998635,8677.481216999922,47.0
1789664298,10000,,Aggregated,783.100000,0.000000,8200,8300,8300,8300,8400,8500,8500,8600,8600,8700,8700,63796,0,8200,7068.624858317775,54.28436099998635,8677.481216999922,47.0
1789664299,10000,,Aggregated,783.100000,0.000000,8200,8300,8300,8300,8400,8500,8500,8600,8600,8700,8700,63796,0,8200,7068.624858317775,54.28436099998635,8677.481216999922,47.0
1789664300,10000,,Aggregated,772.700000,0.000000,8200,8300,8300,8300,8400,8500,8500,8600,8600,8700,8700,64965,0,8200,7091.378351233661,54.28436099998635,8677.481216999922,47.0
1789664301,10000,,Aggregated,773.800000,0.000000,8200,8300,8300,8300,8400,8500,8500,8600,8600,8700,8700,66146,0,8200,7113.364116094152,54.28436099998635,8677.481216999922,47.0
1789664302,10000,,Aggregated,773.800000,0.000000,8200,8300,8300,8300,8400,8500,8500,8600,8600,8700,8700,66146,0,8200,7113.364116094152,54.28436099998635,8677.481216999922,47.0
1789664303,10000,,Aggregated,772.800000,0.000000,8200,8300,8300,8300,8400,8500,8500,8600,8600,8700,8700,67292,0,8200,7133.869930419423,54.28436099998635,8677.481216999922,47.0
1789664304,10000,,Aggregated,774.100000,0.000000,8200,8300,8300,8300,8400,8500,8500,8600,8600,8700,8700,68490,0,8200,7154.65759566075,54.28436099998635,8677.481216999922,47.0
1789664305,10000,,Aggregated,774.100000,0.000000,8200,8300,8300,8300,8400,8500,8500,8600,8600,8700,8700,68490,0,8200,7154.65759566075,54.28436099998635,8677.481216999922,47.0
1789664306,10000,,Aggregated,772.800000,0.000000,8200,8300,8300,8400,8400,8500,8500,8600,8600,8700,8700,69694,0,8200,7175.1239086994265,54.28436099998635,8677.481216999922,47.0
1789664307,10000,,Aggregated,773.300000,0.000000,8200,8300,8300,8400,8400,8500,8500,8600,8600,8700,8700,70847,0,8200,7194.075526905709,54.28436099998635,8677.481216999922,47.0
1789664308,10000,,Aggregated,773.300000,0.000000,8200,8300,8300,8400,8400,8500,8500,8600,8600,8700,8700,70847,0,8200,7194.075526905709,54.28436099998635,8677.481216999922,47.0
1789664309,10000,,Aggregated,780.800000,0.000000,8200,8300,8300,8400,8400,8500,8500,8600,8600,8700,8700,72030,0,8200,7211.004164249074,54.28436099998635,8677.481216999922,47.0
1789664310,10000,,Aggregated,782.800000,0.000000,8200,8300,8300,8400,8400,8500,8500,8600,8600,8700,8700,73206,0,8200,7227.1669601591775,54.28436099998635,8677.481216999922,47.0
1789664311,10000,,Aggregated,782.800000,0.000000,8200,8300,8300,8400,8400,8500,8500,8600,8600,8700,8700,73206,0,8200,7227.1669601591775,54.28436099998635,8677.481216999922,47.0
1789664312,10000,,Aggregated,782.000000,0.000000,8200,8300,8300,8300,8400,8500,8500,8600,8600,8700,8700,74340,0,8200,7242.439959163219,54.28436099998635,8677.481216999922,47.0
1789664313,10000,,Aggregated,782.600000,0.000000,8200,8300,8300,8300,8400,8500,8500,8600,8600,8700,8700,75545,0,8200,7258.224808975708,54.28436099998635,8677.481216999922,47.0
1789664314,10000,,Aggregated,782.600000,0.000000,8200,8300,8300,8300,8400,8500,8500,8600,8600,8700,8700,75545,0,8200,7258.224808975708,54.28436099998635,8677.481216999922,47.0
1789664315,10000,,Aggregated,782.300000,0.000000,8200,8300,8300,8300,8400,8500,8500,8600,8600,8700,8700,76719,0,8200,7272.494813294057,54.28436099998635,8677.481216999922,47.0
1789664316,10000,,Aggregated,783.100000,0.000000,8200,8300,8300,8300,8400,8500,8500,8600,8600,8700,8700,77898,0,8200,7286.333671181683,54.28436099998635,8677.481216999922,47.0
1789664317,10000,,Aggregated,783.100000,0.000000,8200,8300,8300,8300,8400,8500,8500,8600,8600,8700,8700,77898,0,8200,7286.333671181683,54.28436099998635,8677.481216999922,47.0
1789664318,10000,,Aggregated,783.100000,0.000000,8200,8300,8300,8300,8400,8500,8500,8600,8600,8700,8700,79114,0,8200,7300.631753650995,54.28436099998635,8677.481216999922,47.0
1789664319,10000,,Aggregated,783.600000,0.000000,8200,8300,8300,8300,8400,8500,8500,8600,8600,8700,8700,80249,0,8200,7313.612814425574,54.28436099998635,8677.481216999922,47.0
1789664320,10000,,Aggregated,783.600000,0.000000,8200,8300,8300,8300,8400,8500,8500,8600,8600,8700,8700,80249,0,8200,7313.612814425574,54.28436099998635,8677.481216999922,47.0
1789664321,10000,,Aggregated,782.300000,0.000000,8200,8300,8300,8300,8400,8500,8500,8600,8600,8700,8700,81406,0,8200,7326.600832425877,54.28436099998635,8677.481216999922,47.0
1789664322,10000,,Aggregated,782.800000,0.000000,8200,8300,8300,8300,8400,8500,8500,8600,8600,8700,8700,82591,0,8200,7339.523540603129,54.28436099998635,8677.481216999922,47.0
1789664323,10000,,Aggregated,782.800000,0.000000,8200,8300,8300,8300,8400,8500,8500,8600,8600,8700,8700,82591,0,8200,7339.523540603129,54.28436099998635,8677.481216999922,47.0
1789664324,10000,,Aggregated,782.600000,0.000000,8200,8300,8300,8300,8400,8500,8500,8600,8600,8700,8700,83749,0,8200,7351.785479866733,54.28436099998635,8677.481216999922,47.0
1789664325,10000,,Aggregated,782.900000,0.000000,8200,8300,8300,8300,8400,8500,8500,8600,8600,8700,8700,84946,0,8200,7364.170105037024,54.28436099998635,8677.481216999922,47.0
1789664326,10000,,Aggregated,782.900000,0.000000,8200,8300,8300,8300,8400,8500,8500,8600,8600,8700,8700,84946,0,8200,7364.170105037024,54.28436099998635,8677.481216999922,47.0
1789664327,10000,,Aggregated,781.900000,0.000000,8200,8300,8300,8300,8400,8500,8500,8600,8600,8700,8700,86133,0,8200,7376.183571089247,54.28436099998635,8677.481216999922,47.0
1789664328,10000,,Aggregated,782.300000,0.000000,8200,8300,8300,8300,8400,8500,8500,8600,8600,8700,8700,87274,0,8200,7387.413555963712,54.28436099998635,8677.481216999922,47.0
1789664329,10000,,Aggregated,782.300000,0.000000,8200,8300,8300,8300,8400,8500,8500,8600,8600,8700,8700,87274,0,8200,7387.413555963712,54.28436099998635,8677.481216999922,47.0
1789664330,10000,,Aggregated,781.900000,0.000000,8200,8300,8300,8300,8400,8500,8500,8600,8600,8700,8700,88464,0,8200,7399.094050270382,54.28436099998635,8677.481216999922,47.0
1789664331,10000,,Aggregated,782.400000,0.000000,8200,8300,8300,8300,8400,8500,8500,8600,8600,8700,8700,89646,0,8200,7410.306131535542,54.28436099998635,8677.481216999922,47.0
1789664332,10000,,Aggregated,782.400000,0.000000,8200,8300,8300,8300,8400,8500,8500,8600,8600,8700,8700,89646,0,8200,7410.306131535542,54.28436099998635,8677.481216999922,47.0
1789664333,10000,,Aggregated,782.400000,0.000000,8200,8300,8300,8300,8400,8500,8500,8600,8600,8700,8700,90798,0,8200,7420.516934993514,54.28436099998635,8677.481216999922,47.0
1789664334,8750,,Aggregated,782.800000,0.000000,8200,8300,8300,8300,8400,8500,8500,8600,8600,8700,8700,92063,0,8200,7431.485921049305,54.28436099998635,8677.481216999922,47.0
1789664335,0,,Aggregated,783.300000,0.000000,8200,8300,8300,8300,8400,8500,8500,8600,8600,8700,8700,92784,0,8200,7437.459944128395,54.28436099998635,8677.481216999922,47.0
